model,lead_day,n,mae_forecast,rmse_forecast,bias,mae_persistence,mae_climatology,ss_vs_persistence,ss_vs_climatology,mae_debiased,ss_debiased_vs_pers,first,last
ecmwf_ifs025,1,23184,0.3961,0.5329,0.1228,0.5657,0.5467,0.2998,0.2755,0.3818,0.3252,2024-02-04,2026-09-26
ecmwf_ifs025,2,23160,0.429,0.5786,0.0893,0.615,0.5469,0.3024,0.2155,0.4221,0.3138,2024-02-05,2026-09-26
ecmwf_ifs025,3,23136,0.4734,0.637,0.0771,0.6443,0.5465,0.2653,0.1337,0.4684,0.2735,2024-02-06,2026-09-26
ecmwf_ifs025,4,23112,0.4914,0.6579,0.0841,0.6527,0.5459,0.2472,0.0999,0.4864,0.2552,2024-02-07,2026-09-26
ecmwf_ifs025,5,23088,0.522,0.6936,0.0916,0.6517,0.5452,0.199,0.0425,0.5166,0.2077,2024-02-08,2026-09-26
ecmwf_ifs025,6,23064,0.5294,0.7001,0.1003,0.6488,0.5449,0.184,0.0285,0.5232,0.194,2024-02-09,2026-09-26
ecmwf_ifs025,7,23040,0.5454,0.7219,0.0889,0.6505,0.5452,0.1616,-0.0002,0.5418,0.1678,2024-02-10,2026-09-26
gem_seamless,1,23454,0.8459,1.1038,0.4174,0.5668,0.5481,-0.4923,-0.5433,0.8058,-0.4212,2024-01-20,2026-09-26
gem_seamless,2,23532,0.8684,1.1256,0.4368,0.6148,0.5472,-0.4126,-0.587,0.8231,-0.3383,2024-01-20,2026-09-26
gem_seamless,3,23391,0.8087,1.0514,0.4691,0.647,0.5484,-0.2499,-0.4747,0.7488,-0.1567,2024-01-21,2026-09-26
gem_seamless,4,23484,0.8118,1.054,0.4739,0.6545,0.5471,-0.2404,-0.484,0.751,-0.1469,2024-01-22,2026-09-26
gem_seamless,5,23460,0.829,1.077,0.4905,0.6541,0.5471,-0.2674,-0.5152,0.7626,-0.1651,2024-01-23,2026-09-26
gem_seamless,6,23172,0.8365,1.0824,0.4837,0.6531,0.5489,-0.2808,-0.5239,0.7727,-0.1824,2024-01-24,2026-09-26
gem_seamless,7,23412,0.8484,1.0936,0.4731,0.6526,0.5475,-0.3001,-0.5497,0.7847,-0.2016,2024-01-25,2026-09-26
gfs_seamless,1,23556,1.2311,1.492,0.254,0.5654,0.547,-1.1774,-1.2505,1.2455,-1.2024,2024-01-19,2026-09-26
gfs_seamless,2,23532,1.2453,1.5041,0.2336,0.6148,0.5472,-1.0256,-1.2756,1.2599,-1.0485,2024-01-20,2026-09-26
gfs_seamless,3,23508,1.2456,1.5018,0.2281,0.6455,0.547,-0.9298,-1.2771,1.2598,-0.9507,2024-01-21,2026-09-26
gfs_seamless,4,23484,1.2451,1.5055,0.2297,0.6545,0.5471,-0.9024,-1.276,1.2601,-0.9243,2024-01-22,2026-09-26
gfs_seamless,5,23460,1.2063,1.4727,0.27,0.6541,0.5471,-0.8443,-1.205,1.2153,-0.8567,2024-01-23,2026-09-26
gfs_seamless,6,23436,1.221,1.4915,0.2776,0.6507,0.5473,-0.8765,-1.2311,1.2306,-0.8901,2024-01-24,2026-09-26
gfs_seamless,7,23412,1.2271,1.4981,0.2759,0.6526,0.5475,-0.8804,-1.2414,1.2352,-0.8914,2024-01-25,2026-09-26
icon_seamless,1,23467,1.0267,1.3226,0.788,0.566,0.5471,-0.814,-0.8768,0.8567,-0.5134,2024-01-20,2026-09-26
icon_seamless,2,23532,1.0485,1.3549,0.8102,0.6148,0.5472,-0.7056,-0.9161,0.8711,-0.4163,2024-01-20,2026-09-26
icon_seamless,3,23431,1.0758,1.3926,0.8331,0.6465,0.547,-0.664,-0.9666,0.8961,-0.3853,2024-01-21,2026-09-26
icon_seamless,4,23407,1.0911,1.4096,0.8645,0.6556,0.5471,-0.6641,-0.9943,0.8899,-0.3564,2024-01-22,2026-09-26
icon_seamless,5,23383,1.1075,1.4299,0.8805,0.6552,0.5471,-0.6905,-1.0243,0.9039,-0.3787,2024-01-23,2026-09-26
icon_seamless,6,23359,1.1142,1.4426,0.8838,0.6521,0.5473,-0.7085,-1.0359,0.9132,-0.3995,2024-01-24,2026-09-26
jma_seamless,1,23976,0.8062,0.9834,0.7107,0.5687,0.5491,-0.4177,-0.4682,0.54,0.0507,2024-01-02,2026-09-26
jma_seamless,2,23952,0.7884,0.9702,0.6706,0.617,0.5492,-0.2778,-0.4356,0.5586,0.0951,2024-01-03,2026-09-26
jma_seamless,3,23610,0.7905,0.9817,0.6568,0.6507,0.5498,-0.2147,-0.4378,0.5826,0.105,2024-01-04,2026-09-26
jma_seamless,4,23586,0.7914,0.9899,0.6428,0.6596,0.5494,-0.1998,-0.4406,0.6011,0.0892,2024-01-05,2026-09-26
jma_seamless,5,23562,0.8125,1.0153,0.6517,0.6577,0.5489,-0.2354,-0.4803,0.619,0.0593,2024-01-06,2026-09-26
jma_seamless,6,23856,0.8139,1.0221,0.6397,0.6521,0.5475,-0.248,-0.4866,0.6381,0.022,2024-01-07,2026-09-26
jma_seamless,7,23832,0.814,1.0206,0.6306,0.6535,0.5474,-0.2457,-0.487,0.6389,0.023,2024-01-08,2026-09-26
meteofrance_seamless,1,23455,0.5938,0.7429,0.4789,0.567,0.5476,-0.0473,-0.0844,0.4276,0.246,2024-01-20,2026-09-26
meteofrance_seamless,2,23532,0.6125,0.7704,0.4787,0.6148,0.5472,0.0037,-0.1192,0.4551,0.26,2024-01-20,2026-09-26
meteofrance_seamless,3,23503,0.6317,0.7993,0.4793,0.6454,0.5468,0.0213,-0.1553,0.4843,0.2501,2024-01-21,2026-09-26
