model,variable,lead_day,status_recent,first_run,start_as_probed,start_corrected,shift_days,blended
best_match,temperature_2m,1,available,2021-03-23,2021-03-24,2021-03-24,0,True
best_match,temperature_2m,2,available,2021-03-23,2021-03-24,2021-03-25,1,True
best_match,temperature_2m,3,available,2021-03-23,2021-03-24,2021-03-26,2,True
best_match,temperature_2m,4,available,2021-03-23,2021-03-24,2021-03-27,3,True
best_match,temperature_2m,5,available,2021-03-23,2021-03-24,2021-03-28,4,True
best_match,temperature_2m,6,available,2021-03-23,2021-03-24,2021-03-29,5,True
best_match,temperature_2m,7,available,2021-03-23,2021-03-24,2021-03-30,6,True
best_match,precipitation,1,available,2024-01-18,2024-01-19,2024-01-19,0,True
best_match,precipitation,2,available,2024-01-18,2024-01-20,2024-01-20,0,True
best_match,precipitation,3,available,2024-01-18,2024-01-21,2024-01-21,0,True
best_match,precipitation,4,available,2024-01-18,2024-01-22,2024-01-22,0,True
best_match,precipitation,5,available,2024-01-18,2024-01-23,2024-01-23,0,True
best_match,precipitation,6,available,2024-01-18,2024-01-24,2024-01-24,0,True
best_match,precipitation,7,available,2024-01-18,2024-01-25,2024-01-25,0,True
best_match,shortwave_radiation,1,available,2024-01-18,2024-01-19,2024-01-19,0,True
best_match,shortwave_radiation,2,available,2024-01-18,2024-01-20,2024-01-20,0,True
best_match,shortwave_radiation,3,available,2024-01-18,2024-01-21,2024-01-21,0,True
best_match,shortwave_radiation,4,available,2024-01-18,2024-01-22,2024-01-22,0,True
best_match,shortwave_radiation,5,available,2024-01-18,2024-01-23,2024-01-23,0,True
best_match,shortwave_radiation,6,available,2024-01-18,2024-01-24,2024-01-24,0,True
best_match,shortwave_radiation,7,available,2024-01-18,2024-01-25,2024-01-25,0,True
best_match,direct_normal_irradiance,1,available,2024-01-18,2024-01-19,2024-01-19,0,True
best_match,direct_normal_irradiance,2,available,2024-01-18,2024-01-20,2024-01-20,0,True
best_match,direct_normal_irradiance,3,available,2024-01-18,2024-01-21,2024-01-21,0,True
best_match,direct_normal_irradiance,4,available,2024-01-18,2024-01-22,2024-01-22,0,True
best_match,direct_normal_irradiance,5,available,2024-01-18,2024-01-23,2024-01-23,0,True
best_match,direct_normal_irradiance,6,available,2024-01-18,2024-01-24,2024-01-24,0,True
best_match,direct_normal_irradiance,7,available,2024-01-18,2024-01-25,2024-01-25,0,True
best_match,diffuse_radiation,1,available,2024-01-18,2024-01-19,2024-01-19,0,True
best_match,diffuse_radiation,2,available,2024-01-18,2024-01-20,2024-01-20,0,True
best_match,diffuse_radiation,3,available,2024-01-18,2024-01-21,2024-01-21,0,True
best_match,diffuse_radiation,4,available,2024-01-18,2024-01-22,2024-01-22,0,True
best_match,diffuse_radiation,5,available,2024-01-18,2024-01-23,2024-01-23,0,True
best_match,diffuse_radiation,6,available,2024-01-18,2024-01-24,2024-01-24,0,True
best_match,diffuse_radiation,7,available,2024-01-18,2024-01-25,2024-01-25,0,True
best_match,cloud_cover,1,available,2024-01-18,2024-01-19,2024-01-19,0,True
best_match,cloud_cover,2,available,2024-01-18,2024-01-20,2024-01-20,0,True
best_match,cloud_cover,3,available,2024-01-18,2024-01-21,2024-01-21,0,True
best_match,cloud_cover,4,available,2024-01-18,2024-01-22,2024-01-22,0,True
best_match,cloud_cover,5,available,2024-01-18,2024-01-23,2024-01-23,0,True
best_match,cloud_cover,6,available,2024-01-18,2024-01-24,2024-01-24,0,True
best_match,cloud_cover,7,available,2024-01-18,2024-01-25,2024-01-25,0,True
ecmwf_ifs025,temperature_2m,1,available,2024-02-03,2024-02-04,2024-02-04,0,False
ecmwf_ifs025,temperature_2m,2,available,2024-02-03,2024-02-04,2024-02-05,1,False
ecmwf_ifs025,temperature_2m,3,available,2024-02-03,2024-02-04,2024-02-06,2,False
ecmwf_ifs025,temperature_2m,4,available,2024-02-03,2024-02-04,2024-02-07,3,False
ecmwf_ifs025,temperature_2m,5,available,2024-02-03,2024-02-04,2024-02-08,4,False
ecmwf_ifs025,temperature_2m,6,available,2024-02-03,2024-02-04,2024-02-09,5,False
ecmwf_ifs025,temperature_2m,7,available,2024-02-03,2024-02-04,2024-02-10,6,False
ecmwf_ifs025,precipitation,1,available,2024-02-03,2024-02-04,2024-02-04,0,False
ecmwf_ifs025,precipitation,2,available,2024-02-03,2024-02-04,2024-02-05,1,False
ecmwf_ifs025,precipitation,3,available,2024-02-03,2024-02-04,2024-02-06,2,False
ecmwf_ifs025,precipitation,4,available,2024-02-03,2024-02-04,2024-02-07,3,False
ecmwf_ifs025,precipitation,5,available,2024-02-03,2024-02-04,2024-02-08,4,False
ecmwf_ifs025,precipitation,6,available,2024-02-03,2024-02-04,2024-02-09,5,False
ecmwf_ifs025,precipitation,7,available,2024-02-03,2024-02-04,2024-02-10,6,False
ecmwf_ifs025,shortwave_radiation,1,available,2024-03-05,2024-03-06,2024-03-06,0,False
ecmwf_ifs025,shortwave_radiation,2,available,2024-03-05,2024-03-07,2024-03-07,0,False
ecmwf_ifs025,shortwave_radiation,3,available,2024-03-05,2024-03-08,2024-03-08,0,False
ecmwf_ifs025,shortwave_radiation,4,available,2024-03-05,2024-03-09,2024-03-09,0,False
ecmwf_ifs025,shortwave_radiation,5,available,2024-03-05,2024-03-10,2024-03-10,0,False
ecmwf_ifs025,shortwave_radiation,6,available,2024-03-05,2024-03-11,2024-03-11,0,False
ecmwf_ifs025,shortwave_radiation,7,available,2024-03-05,2024-03-12,2024-03-12,0,False
ecmwf_ifs025,direct_normal_irradiance,1,available,2024-03-05,2024-03-06,2024-03-06,0,False
ecmwf_ifs025,direct_normal_irradiance,2,available,2024-03-05,2024-03-07,2024-03-07,0,False
ecmwf_ifs025,direct_normal_irradiance,3,available,2024-03-05,2024-03-08,2024-03-08,0,False
ecmwf_ifs025,direct_normal_irradiance,4,available,2024-03-05,2024-03-09,2024-03-09,0,False
ecmwf_ifs025,direct_normal_irradiance,5,available,2024-03-05,2024-03-10,2024-03-10,0,False
ecmwf_ifs025,direct_normal_irradiance,6,available,2024-03-05,2024-03-11,2024-03-11,0,False
ecmwf_ifs025,direct_normal_irradiance,7,available,2024-03-05,2024-03-12,2024-03-12,0,False
ecmwf_ifs025,diffuse_radiation,1,available,2024-03-05,2024-03-06,2024-03-06,0,False
ecmwf_ifs025,diffuse_radiation,2,available,2024-03-05,2024-03-07,2024-03-07,0,False
ecmwf_ifs025,diffuse_radiation,3,available,2024-03-05,2024-03-08,2024-03-08,0,False
ecmwf_ifs025,diffuse_radiation,4,available,2024-03-05,2024-03-09,2024-03-09,0,False
ecmwf_ifs025,diffuse_radiation,5,available,2024-03-05,2024-03-10,2024-03-10,0,False
ecmwf_ifs025,diffuse_radiation,6,available,2024-03-05,2024-03-11,2024-03-11,0,False
ecmwf_ifs025,diffuse_radiation,7,available,2024-03-05,2024-03-12,2024-03-12,0,False
ecmwf_ifs025,cloud_cover,1,available,2024-02-03,2024-02-04,2024-02-04,0,False
ecmwf_ifs025,cloud_cover,2,available,2024-02-03,2024-02-04,2024-02-05,1,False
ecmwf_ifs025,cloud_cover,3,available,2024-02-03,2024-02-04,2024-02-06,2,False
ecmwf_ifs025,cloud_cover,4,available,2024-02-03,2024-02-04,2024-02-07,3,False
ecmwf_ifs025,cloud_cover,5,available,2024-02-03,2024-02-04,2024-02-08,4,False
ecmwf_ifs025,cloud_cover,6,available,2024-02-03,2024-02-04,2024-02-09,5,False
ecmwf_ifs025,cloud_cover,7,available,2024-02-03,2024-02-04,2024-02-10,6,False
gfs_seamless,temperature_2m,1,available,2021-03-23,2021-03-24,2021-03-24,0,False
gfs_seamless,temperature_2m,2,available,2021-03-23,2021-03-24,2021-03-25,1,False
gfs_seamless,temperature_2m,3,available,2021-03-23,2021-03-24,2021-03-26,2,False
gfs_seamless,temperature_2m,4,available,2021-03-23,2021-03-24,2021-03-27,3,False
gfs_seamless,temperature_2m,5,available,2021-03-23,2021-03-24,2021-03-28,4,False
gfs_seamless,temperature_2m,6,available,2021-03-23,2021-03-24,2021-03-29,5,False
gfs_seamless,temperature_2m,7,available,2021-03-23,2021-03-24,2021-03-30,6,False
gfs_seamless,precipitation,1,available,2024-01-18,2024-01-19,2024-01-19,0,False
gfs_seamless,precipitation,2,available,2024-01-18,2024-01-20,2024-01-20,0,False
gfs_seamless,precipitation,3,available,2024-01-18,2024-01-21,2024-01-21,0,False
gfs_seamless,precipitation,4,available,2024-01-18,2024-01-22,2024-01-22,0,False
gfs_seamless,precipitation,5,available,2024-01-18,2024-01-23,2024-01-23,0,False
gfs_seamless,precipitation,6,available,2024-01-18,2024-01-24,2024-01-24,0,False
gfs_seamless,precipitation,7,available,2024-01-18,2024-01-25,2024-01-25,0,False
gfs_seamless,shortwave_radiation,1,available,2024-01-18,2024-01-19,2024-01-19,0,False
gfs_seamless,shortwave_radiation,2,available,2024-01-18,2024-01-20,2024-01-20,0,False
gfs_seamless,shortwave_radiation,3,available,2024-01-18,2024-01-21,2024-01-21,0,False
gfs_seamless,shortwave_radiation,4,available,2024-01-18,2024-01-22,2024-01-22,0,False
gfs_seamless,shortwave_radiation,5,available,2024-01-18,2024-01-23,2024-01-23,0,False
gfs_seamless,shortwave_radiation,6,available,2024-01-18,2024-01-24,2024-01-24,0,False
gfs_seamless,shortwave_radiation,7,available,2024-01-18,2024-01-25,2024-01-25,0,False
gfs_seamless,direct_normal_irradiance,1,available,2024-01-18,2024-01-19,2024-01-19,0,False
gfs_seamless,direct_normal_irradiance,2,available,2024-01-18,2024-01-20,2024-01-20,0,False
gfs_seamless,direct_normal_irradiance,3,available,2024-01-18,2024-01-21,2024-01-21,0,False
gfs_seamless,direct_normal_irradiance,4,available,2024-01-18,2024-01-22,2024-01-22,0,False
gfs_seamless,direct_normal_irradiance,5,available,2024-01-18,2024-01-23,2024-01-23,0,False
gfs_seamless,direct_normal_irradiance,6,available,2024-01-18,2024-01-24,2024-01-24,0,False
gfs_seamless,direct_normal_irradiance,7,available,2024-01-18,2024-01-25,2024-01-25,0,False
gfs_seamless,diffuse_radiation,1,available,2024-01-18,2024-01-19,2024-01-19,0,False
gfs_seamless,diffuse_radiation,2,available,2024-01-18,2024-01-20,2024-01-20,0,False
gfs_seamless,diffuse_radiation,3,available,2024-01-18,2024-01-21,2024-01-21,0,False
gfs_seamless,diffuse_radiation,4,available,2024-01-18,2024-01-22,2024-01-22,0,False
gfs_seamless,diffuse_radiation,5,available,2024-01-18,2024-01-23,2024-01-23,0,False
gfs_seamless,diffuse_radiation,6,available,2024-01-18,2024-01-24,2024-01-24,0,False
gfs_seamless,diffuse_radiation,7,available,2024-01-18,2024-01-25,2024-01-25,0,False
gfs_seamless,cloud_cover,1,available,2024-01-18,2024-01-19,2024-01-19,0,False
gfs_seamless,cloud_cover,2,available,2024-01-18,2024-01-20,2024-01-20,0,False
gfs_seamless,cloud_cover,3,available,2024-01-18,2024-01-21,2024-01-21,0,False
gfs_seamless,cloud_cover,4,available,2024-01-18,2024-01-22,2024-01-22,0,False
gfs_seamless,cloud_cover,5,available,2024-01-18,2024-01-23,2024-01-23,0,False
gfs_seamless,cloud_cover,6,available,2024-01-18,2024-01-24,2024-01-24,0,False
gfs_seamless,cloud_cover,7,available,2024-01-18,2024-01-25,2024-01-25,0,False
icon_seamless,temperature_2m,1,available,2024-01-18,2024-01-19,2024-01-19,0,False
icon_seamless,temperature_2m,2,available,2024-01-18,2024-01-19,2024-01-20,1,False
icon_seamless,temperature_2m,3,available,2024-01-18,2024-01-19,2024-01-21,2,False
icon_seamless,temperature_2m,4,available,2024-01-18,2024-01-19,2024-01-22,3,False
icon_seamless,temperature_2m,5,available,2024-01-18,2024-01-19,2024-01-23,4,False
icon_seamless,temperature_2m,6,available,2024-01-18,2024-01-19,2024-01-24,5,False
icon_seamless,temperature_2m,7,empty,,,,,False
icon_seamless,precipitation,1,available,2024-01-18,2024-01-19,2024-01-19,0,False
icon_seamless,precipitation,2,available,2024-01-18,2024-01-19,2024-01-20,1,False
icon_seamless,precipitation,3,available,2024-01-18,2024-01-19,2024-01-21,2,False
icon_seamless,precipitation,4,available,2024-01-18,2024-01-19,2024-01-22,3,False
icon_seamless,precipitation,5,available,2024-01-18,2024-01-19,2024-01-23,4,False
icon_seamless,precipitation,6,available,2024-01-18,2024-01-19,2024-01-24,5,False
icon_seamless,precipitation,7,empty,,,,,False
icon_seamless,shortwave_radiation,1,available,2024-01-18,2024-01-19,2024-01-19,0,False
icon_seamless,shortwave_radiation,2,available,2024-01-18,2024-01-19,2024-01-20,1,False
icon_seamless,shortwave_radiation,3,available,2024-01-18,2024-01-19,2024-01-21,2,False
icon_seamless,shortwave_radiation,4,available,2024-01-18,2024-01-19,2024-01-22,3,False
icon_seamless,shortwave_radiation,5,available,2024-01-18,2024-01-19,2024-01-23,4,False
icon_seamless,shortwave_radiation,6,available,2024-01-18,2024-01-19,2024-01-24,5,False
icon_seamless,shortwave_radiation,7,empty,,,,,False
icon_seamless,direct_normal_irradiance,1,available,2024-01-18,2024-01-19,2024-01-19,0,False
icon_seamless,direct_normal_irradiance,2,available,2024-01-18,2024-01-19,2024-01-20,1,False
icon_seamless,direct_normal_irradiance,3,available,2024-01-18,2024-01-19,2024-01-21,2,False
icon_seamless,direct_normal_irradiance,4,available,2024-01-18,2024-01-19,2024-01-22,3,False
icon_seamless,direct_normal_irradiance,5,available,2024-01-18,2024-01-19,2024-01-23,4,False
icon_seamless,direct_normal_irradiance,6,available,2024-01-18,2024-01-19,2024-01-24,5,False
icon_seamless,direct_normal_irradiance,7,empty,,,,,False
icon_seamless,diffuse_radiation,1,available,2024-01-18,2024-01-19,2024-01-19,0,False
icon_seamless,diffuse_radiation,2,available,2024-01-18,2024-01-19,2024-01-20,1,False
icon_seamless,diffuse_radiation,3,available,2024-01-18,2024-01-19,2024-01-21,2,False
icon_seamless,diffuse_radiation,4,available,2024-01-18,2024-01-19,2024-01-22,3,False
icon_seamless,diffuse_radiation,5,available,2024-01-18,2024-01-19,2024-01-23,4,False
icon_seamless,diffuse_radiation,6,available,2024-01-18,2024-01-19,2024-01-24,5,False
icon_seamless,diffuse_radiation,7,empty,,,,,False
icon_seamless,cloud_cover,1,available,2024-01-18,2024-01-19,2024-01-19,0,False
icon_seamless,cloud_cover,2,available,2024-01-18,2024-01-19,2024-01-20,1,False
icon_seamless,cloud_cover,3,available,2024-01-18,2024-01-19,2024-01-21,2,False
icon_seamless,cloud_cover,4,available,2024-01-18,2024-01-19,2024-01-22,3,False
icon_seamless,cloud_cover,5,available,2024-01-18,2024-01-19,2024-01-23,4,False
icon_seamless,cloud_cover,6,available,2024-01-18,2024-01-19,2024-01-24,5,False
icon_seamless,cloud_cover,7,empty,,,,,False
gem_seamless,temperature_2m,1,available,2024-01-18,2024-01-19,2024-01-19,0,False
gem_seamless,temperature_2m,2,available,2024-01-18,2024-01-19,2024-01-20,1,False
gem_seamless,temperature_2m,3,available,2024-01-18,2024-01-19,2024-01-21,2,False
gem_seamless,temperature_2m,4,available,2024-01-18,2024-01-19,2024-01-22,3,False
gem_seamless,temperature_2m,5,available,2024-01-18,2024-01-19,2024-01-23,4,False
gem_seamless,temperature_2m,6,available,2024-01-18,2024-01-19,2024-01-24,5,False
gem_seamless,temperature_2m,7,available,2024-01-18,2024-01-19,2024-01-25,6,False
gem_seamless,precipitation,1,available,2024-01-18,2024-01-19,2024-01-19,0,False
gem_seamless,precipitation,2,available,2024-01-18,2024-01-19,2024-01-20,1,False
gem_seamless,precipitation,3,available,2024-01-18,2024-01-19,2024-01-21,2,False
gem_seamless,precipitation,4,available,2024-01-18,2024-01-19,2024-01-22,3,False
gem_seamless,precipitation,5,available,2024-01-18,2024-01-19,2024-01-23,4,False
gem_seamless,precipitation,6,available,2024-01-18,2024-01-19,2024-01-24,5,False
gem_seamless,precipitation,7,available,2024-01-18,2024-01-19,2024-01-25,6,False
gem_seamless,shortwave_radiation,1,available,2024-01-18,2024-01-19,2024-01-19,0,False
gem_seamless,shortwave_radiation,2,available,2024-01-18,2024-01-19,2024-01-20,1,False
gem_seamless,shortwave_radiation,3,available,2024-01-18,2024-01-19,2024-01-21,2,False
gem_seamless,shortwave_radiation,4,available,2024-01-18,2024-01-19,2024-01-22,3,False
gem_seamless,shortwave_radiation,5,available,2024-01-18,2024-01-19,2024-01-23,4,False
gem_seamless,shortwave_radiation,6,available,2024-01-18,2024-01-19,2024-01-24,5,False
gem_seamless,shortwave_radiation,7,available,2024-01-18,2024-01-19,2024-01-25,6,False
gem_seamless,direct_normal_irradiance,1,available,2024-01-18,2024-01-19,2024-01-19,0,False
gem_seamless,direct_normal_irradiance,2,available,2024-01-18,2024-01-19,2024-01-20,1,False
gem_seamless,direct_normal_irradiance,3,available,2024-01-18,2024-01-19,2024-01-21,2,False
gem_seamless,direct_normal_irradiance,4,available,2024-01-18,2024-01-19,2024-01-22,3,False
gem_seamless,direct_normal_irradiance,5,available,2024-01-18,2024-01-19,2024-01-23,4,False
gem_seamless,direct_normal_irradiance,6,available,2024-01-18,2024-01-19,2024-01-24,5,False
gem_seamless,direct_normal_irradiance,7,available,2024-01-18,2024-01-19,2024-01-25,6,False
gem_seamless,diffuse_radiation,1,available,2024-01-18,2024-01-19,2024-01-19,0,False
gem_seamless,diffuse_radiation,2,available,2024-01-18,2024-01-19,2024-01-20,1,False
gem_seamless,diffuse_radiation,3,available,2024-01-18,2024-01-19,2024-01-21,2,False
gem_seamless,diffuse_radiation,4,available,2024-01-18,2024-01-19,2024-01-22,3,False
gem_seamless,diffuse_radiation,5,available,2024-01-18,2024-01-19,2024-01-23,4,False
gem_seamless,diffuse_radiation,6,available,2024-01-18,2024-01-19,2024-01-24,5,False
gem_seamless,diffuse_radiation,7,available,2024-01-18,2024-01-19,2024-01-25,6,False
gem_seamless,cloud_cover,1,available,2024-01-18,2024-01-19,2024-01-19,0,False
gem_seamless,cloud_cover,2,available,2024-01-18,2024-01-19,2024-01-20,1,False
gem_seamless,cloud_cover,3,available,2024-01-18,2024-01-19,2024-01-21,2,False
gem_seamless,cloud_cover,4,available,2024-01-18,2024-01-19,2024-01-22,3,False
gem_seamless,cloud_cover,5,available,2024-01-18,2024-01-19,2024-01-23,4,False
gem_seamless,cloud_cover,6,available,2024-01-18,2024-01-19,2024-01-24,5,False
gem_seamless,cloud_cover,7,available,2024-01-18,2024-01-19,2024-01-25,6,False
meteofrance_seamless,temperature_2m,1,available,2024-01-18,2024-01-19,2024-01-19,0,False
meteofrance_seamless,temperature_2m,2,available,2024-01-18,2024-01-19,2024-01-20,1,False
meteofrance_seamless,temperature_2m,3,available,2024-01-18,2024-01-19,2024-01-21,2,False
meteofrance_seamless,temperature_2m,4,empty,,,,,False
meteofrance_seamless,temperature_2m,5,empty,,,,,False
meteofrance_seamless,temperature_2m,6,empty,,,,,False
meteofrance_seamless,temperature_2m,7,empty,,,,,False
meteofrance_seamless,precipitation,1,available,2024-01-18,2024-01-19,2024-01-19,0,False
meteofrance_seamless,precipitation,2,available,2024-01-18,2024-01-19,2024-01-20,1,False
meteofrance_seamless,precipitation,3,available,2024-01-18,2024-01-19,2024-01-21,2,False
meteofrance_seamless,precipitation,4,empty,,,,,False
meteofrance_seamless,precipitation,5,empty,,,,,False
meteofrance_seamless,precipitation,6,empty,,,,,False
meteofrance_seamless,precipitation,7,empty,,,,,False
meteofrance_seamless,shortwave_radiation,1,available,2024-01-18,2024-01-19,2024-01-19,0,False
meteofrance_seamless,shortwave_radiation,2,available,2024-01-18,2024-01-19,2024-01-20,1,False
meteofrance_seamless,shortwave_radiation,3,available,2024-01-18,2024-01-19,2024-01-21,2,False
meteofrance_seamless,shortwave_radiation,4,empty,,,,,False
meteofrance_seamless,shortwave_radiation,5,empty,,,,,False
meteofrance_seamless,shortwave_radiation,6,empty,,,,,False
meteofrance_seamless,shortwave_radiation,7,empty,,,,,False
meteofrance_seamless,direct_normal_irradiance,1,available,2024-01-18,2024-01-19,2024-01-19,0,False
meteofrance_seamless,direct_normal_irradiance,2,available,2024-01-18,2024-01-19,2024-01-20,1,False
meteofrance_seamless,direct_normal_irradiance,3,available,2024-01-18,2024-01-19,2024-01-21,2,False
meteofrance_seamless,direct_normal_irradiance,4,empty,,,,,False
meteofrance_seamless,direct_normal_irradiance,5,empty,,,,,False
meteofrance_seamless,direct_normal_irradiance,6,empty,,,,,False
meteofrance_seamless,direct_normal_irradiance,7,empty,,,,,False
meteofrance_seamless,diffuse_radiation,1,available,2024-01-18,2024-01-19,2024-01-19,0,False
meteofrance_seamless,diffuse_radiation,2,available,2024-01-18,2024-01-19,2024-01-20,1,False
meteofrance_seamless,diffuse_radiation,3,available,2024-01-18,2024-01-19,2024-01-21,2,False
meteofrance_seamless,diffuse_radiation,4,empty,,,,,False
meteofrance_seamless,diffuse_radiation,5,empty,,,,,False
meteofrance_seamless,diffuse_radiation,6,empty,,,,,False
meteofrance_seamless,diffuse_radiation,7,empty,,,,,False
meteofrance_seamless,cloud_cover,1,available,2024-01-18,2024-01-19,2024-01-19,0,False
meteofrance_seamless,cloud_cover,2,available,2024-01-18,2024-01-19,2024-01-20,1,False
meteofrance_seamless,cloud_cover,3,available,2024-01-18,2024-01-19,2024-01-21,2,False
meteofrance_seamless,cloud_cover,4,empty,,,,,False
meteofrance_seamless,cloud_cover,5,empty,,,,,False
meteofrance_seamless,cloud_cover,6,empty,,,,,False
meteofrance_seamless,cloud_cover,7,empty,,,,,False
jma_seamless,temperature_2m,1,available,2020-12-31,2021-01-01,2021-01-01,0,False
jma_seamless,temperature_2m,2,available,2020-12-31,2021-01-01,2021-01-02,1,False
jma_seamless,temperature_2m,3,available,2020-12-31,2021-01-01,2021-01-03,2,False
jma_seamless,temperature_2m,4,available,2020-12-31,2021-01-01,2021-01-04,3,False
jma_seamless,temperature_2m,5,available,2020-12-31,2021-01-01,2021-01-05,4,False
jma_seamless,temperature_2m,6,available,2020-12-31,2021-01-01,2021-01-06,5,False
jma_seamless,temperature_2m,7,available,2020-12-31,2021-01-01,2021-01-07,6,False
jma_seamless,precipitation,1,available,2020-12-31,2021-01-01,2021-01-01,0,False
jma_seamless,precipitation,2,available,2020-12-31,2021-01-01,2021-01-02,1,False
jma_seamless,precipitation,3,available,2020-12-31,2021-01-01,2021-01-03,2,False
jma_seamless,precipitation,4,available,2020-12-31,2021-01-01,2021-01-04,3,False
jma_seamless,precipitation,5,available,2020-12-31,2021-01-01,2021-01-05,4,False
jma_seamless,precipitation,6,available,2020-12-31,2021-01-01,2021-01-06,5,False
jma_seamless,precipitation,7,available,2020-12-31,2021-01-01,2021-01-07,6,False
jma_seamless,shortwave_radiation,1,empty,,,,,False
jma_seamless,shortwave_radiation,2,empty,,,,,False
jma_seamless,shortwave_radiation,3,empty,,,,,False
jma_seamless,shortwave_radiation,4,empty,,,,,False
jma_seamless,shortwave_radiation,5,empty,,,,,False
jma_seamless,shortwave_radiation,6,empty,,,,,False
jma_seamless,shortwave_radiation,7,empty,,,,,False
jma_seamless,direct_normal_irradiance,1,empty,,,,,False
jma_seamless,direct_normal_irradiance,2,empty,,,,,False
jma_seamless,direct_normal_irradiance,3,empty,,,,,False
jma_seamless,direct_normal_irradiance,4,empty,,,,,False
jma_seamless,direct_normal_irradiance,5,empty,,,,,False
jma_seamless,direct_normal_irradiance,6,empty,,,,,False
jma_seamless,direct_normal_irradiance,7,empty,,,,,False
jma_seamless,diffuse_radiation,1,empty,,,,,False
jma_seamless,diffuse_radiation,2,empty,,,,,False
jma_seamless,diffuse_radiation,3,empty,,,,,False
jma_seamless,diffuse_radiation,4,empty,,,,,False
jma_seamless,diffuse_radiation,5,empty,,,,,False
jma_seamless,diffuse_radiation,6,empty,,,,,False
jma_seamless,diffuse_radiation,7,empty,,,,,False
jma_seamless,cloud_cover,1,available,2020-12-31,2021-01-01,2021-01-01,0,False
jma_seamless,cloud_cover,2,available,2020-12-31,2021-01-01,2021-01-02,1,False
jma_seamless,cloud_cover,3,available,2020-12-31,2021-01-01,2021-01-03,2,False
jma_seamless,cloud_cover,4,available,2020-12-31,2021-01-01,2021-01-04,3,False
jma_seamless,cloud_cover,5,available,2020-12-31,2021-01-01,2021-01-05,4,False
jma_seamless,cloud_cover,6,available,2020-12-31,2021-01-01,2021-01-06,5,False
jma_seamless,cloud_cover,7,available,2020-12-31,2021-01-01,2021-01-07,6,False
