model,variable,lead_day,estimate,first_complete_day,verified,blended
best_match,temperature_2m,1,2021-03-24,,no,True
best_match,temperature_2m,2,2021-03-24,,no,True
best_match,temperature_2m,3,2021-03-24,,no,True
best_match,temperature_2m,4,2021-03-24,,no,True
best_match,temperature_2m,5,2021-03-24,,no,True
best_match,temperature_2m,6,2021-03-24,,no,True
best_match,temperature_2m,7,2021-03-24,,no,True
best_match,precipitation,1,2024-01-19,,no,True
best_match,precipitation,2,2024-01-20,,no,True
best_match,precipitation,3,2024-01-21,,no,True
best_match,precipitation,4,2024-01-22,,no,True
best_match,precipitation,5,2024-01-23,,no,True
best_match,precipitation,6,2024-01-24,,no,True
best_match,precipitation,7,2024-01-25,,no,True
best_match,shortwave_radiation,1,2024-01-19,,no,True
best_match,shortwave_radiation,2,2024-01-20,,no,True
best_match,shortwave_radiation,3,2024-01-21,,no,True
best_match,shortwave_radiation,4,2024-01-22,,no,True
best_match,shortwave_radiation,5,2024-01-23,,no,True
best_match,shortwave_radiation,6,2024-01-24,,no,True
best_match,shortwave_radiation,7,2024-01-25,,no,True
best_match,direct_normal_irradiance,1,2024-01-19,,no,True
best_match,direct_normal_irradiance,2,2024-01-20,,no,True
best_match,direct_normal_irradiance,3,2024-01-21,,no,True
best_match,direct_normal_irradiance,4,2024-01-22,,no,True
best_match,direct_normal_irradiance,5,2024-01-23,,no,True
best_match,direct_normal_irradiance,6,2024-01-24,,no,True
best_match,direct_normal_irradiance,7,2024-01-25,,no,True
best_match,diffuse_radiation,1,2024-01-19,,no,True
best_match,diffuse_radiation,2,2024-01-20,,no,True
best_match,diffuse_radiation,3,2024-01-21,,no,True
best_match,diffuse_radiation,4,2024-01-22,,no,True
best_match,diffuse_radiation,5,2024-01-23,,no,True
best_match,diffuse_radiation,6,2024-01-24,,no,True
best_match,diffuse_radiation,7,2024-01-25,,no,True
best_match,cloud_cover,1,2024-01-19,,no,True
best_match,cloud_cover,2,2024-01-20,,no,True
best_match,cloud_cover,3,2024-01-21,,no,True
best_match,cloud_cover,4,2024-01-22,,no,True
best_match,cloud_cover,5,2024-01-23,,no,True
best_match,cloud_cover,6,2024-01-24,,no,True
best_match,cloud_cover,7,2024-01-25,,no,True
ecmwf_ifs025,temperature_2m,1,2024-02-04,2024-02-04,yes,False
ecmwf_ifs025,temperature_2m,2,2024-02-04,2024-02-05,yes,False
ecmwf_ifs025,temperature_2m,3,2024-02-04,2024-02-06,yes,False
ecmwf_ifs025,temperature_2m,4,2024-02-04,2024-02-07,yes,False
ecmwf_ifs025,temperature_2m,5,2024-02-04,2024-02-08,yes,False
ecmwf_ifs025,temperature_2m,6,2024-02-04,2024-02-09,yes,False
ecmwf_ifs025,temperature_2m,7,2024-02-04,2024-02-10,yes,False
ecmwf_ifs025,precipitation,1,2024-02-04,2024-02-04,yes,False
ecmwf_ifs025,precipitation,2,2024-02-04,2024-02-05,yes,False
ecmwf_ifs025,precipitation,3,2024-02-04,2024-02-06,yes,False
ecmwf_ifs025,precipitation,4,2024-02-04,2024-02-07,yes,False
ecmwf_ifs025,precipitation,5,2024-02-04,2024-02-08,yes,False
ecmwf_ifs025,precipitation,6,2024-02-04,2024-02-09,yes,False
ecmwf_ifs025,precipitation,7,2024-02-04,2024-02-10,yes,False
ecmwf_ifs025,shortwave_radiation,1,2024-03-06,2024-03-07,yes,False
ecmwf_ifs025,shortwave_radiation,2,2024-03-07,2024-03-08,yes,False
ecmwf_ifs025,shortwave_radiation,3,2024-03-08,2024-03-09,yes,False
ecmwf_ifs025,shortwave_radiation,4,2024-03-09,2024-03-10,yes,False
ecmwf_ifs025,shortwave_radiation,5,2024-03-10,2024-03-11,yes,False
ecmwf_ifs025,shortwave_radiation,6,2024-03-11,2024-03-12,yes,False
ecmwf_ifs025,shortwave_radiation,7,2024-03-12,2024-03-13,yes,False
ecmwf_ifs025,direct_normal_irradiance,1,2024-03-06,2024-03-07,yes,False
ecmwf_ifs025,direct_normal_irradiance,2,2024-03-07,2024-03-08,yes,False
ecmwf_ifs025,direct_normal_irradiance,3,2024-03-08,2024-03-09,yes,False
ecmwf_ifs025,direct_normal_irradiance,4,2024-03-09,2024-03-10,yes,False
ecmwf_ifs025,direct_normal_irradiance,5,2024-03-10,2024-03-11,yes,False
ecmwf_ifs025,direct_normal_irradiance,6,2024-03-11,2024-03-12,yes,False
ecmwf_ifs025,direct_normal_irradiance,7,2024-03-12,2024-03-13,yes,False
ecmwf_ifs025,diffuse_radiation,1,2024-03-06,2024-03-07,yes,False
ecmwf_ifs025,diffuse_radiation,2,2024-03-07,2024-03-08,yes,False
ecmwf_ifs025,diffuse_radiation,3,2024-03-08,2024-03-09,yes,False
ecmwf_ifs025,diffuse_radiation,4,2024-03-09,2024-03-10,yes,False
ecmwf_ifs025,diffuse_radiation,5,2024-03-10,2024-03-11,yes,False
ecmwf_ifs025,diffuse_radiation,6,2024-03-11,2024-03-12,yes,False
ecmwf_ifs025,diffuse_radiation,7,2024-03-12,2024-03-13,yes,False
ecmwf_ifs025,cloud_cover,1,2024-02-04,2024-02-04,yes,False
ecmwf_ifs025,cloud_cover,2,2024-02-04,2024-02-05,yes,False
ecmwf_ifs025,cloud_cover,3,2024-02-04,2024-02-06,yes,False
ecmwf_ifs025,cloud_cover,4,2024-02-04,2024-02-07,yes,False
ecmwf_ifs025,cloud_cover,5,2024-02-04,2024-02-08,yes,False
ecmwf_ifs025,cloud_cover,6,2024-02-04,2024-02-09,yes,False
ecmwf_ifs025,cloud_cover,7,2024-02-04,2024-02-10,yes,False
gfs_seamless,temperature_2m,1,2021-03-24,2023-12-02,yes,False
gfs_seamless,temperature_2m,2,2021-03-24,2023-12-02,yes,False
gfs_seamless,temperature_2m,3,2021-03-24,2023-12-02,yes,False
gfs_seamless,temperature_2m,4,2021-03-24,2023-12-02,yes,False
gfs_seamless,temperature_2m,5,2021-03-24,2023-12-02,yes,False
gfs_seamless,temperature_2m,6,2021-03-24,2023-12-02,yes,False
gfs_seamless,temperature_2m,7,2021-03-24,2023-12-02,yes,False
gfs_seamless,precipitation,1,2024-01-19,2024-01-20,yes,False
gfs_seamless,precipitation,2,2024-01-20,2024-01-21,yes,False
gfs_seamless,precipitation,3,2024-01-21,2024-01-22,yes,False
gfs_seamless,precipitation,4,2024-01-22,2024-01-23,yes,False
gfs_seamless,precipitation,5,2024-01-23,2024-01-24,yes,False
gfs_seamless,precipitation,6,2024-01-24,2024-01-25,yes,False
gfs_seamless,precipitation,7,2024-01-25,2024-01-26,yes,False
gfs_seamless,shortwave_radiation,1,2024-01-19,2024-01-20,yes,False
gfs_seamless,shortwave_radiation,2,2024-01-20,2024-01-21,yes,False
gfs_seamless,shortwave_radiation,3,2024-01-21,2024-01-22,yes,False
gfs_seamless,shortwave_radiation,4,2024-01-22,2024-01-23,yes,False
gfs_seamless,shortwave_radiation,5,2024-01-23,2024-01-24,yes,False
gfs_seamless,shortwave_radiation,6,2024-01-24,2024-01-25,yes,False
gfs_seamless,shortwave_radiation,7,2024-01-25,2024-01-26,yes,False
gfs_seamless,direct_normal_irradiance,1,2024-01-19,2024-01-20,yes,False
gfs_seamless,direct_normal_irradiance,2,2024-01-20,2024-01-21,yes,False
gfs_seamless,direct_normal_irradiance,3,2024-01-21,2024-01-22,yes,False
gfs_seamless,direct_normal_irradiance,4,2024-01-22,2024-01-23,yes,False
gfs_seamless,direct_normal_irradiance,5,2024-01-23,2024-01-24,yes,False
gfs_seamless,direct_normal_irradiance,6,2024-01-24,2024-01-25,yes,False
gfs_seamless,direct_normal_irradiance,7,2024-01-25,2024-01-26,yes,False
gfs_seamless,diffuse_radiation,1,2024-01-19,2024-01-20,yes,False
gfs_seamless,diffuse_radiation,2,2024-01-20,2024-01-21,yes,False
gfs_seamless,diffuse_radiation,3,2024-01-21,2024-01-22,yes,False
gfs_seamless,diffuse_radiation,4,2024-01-22,2024-01-23,yes,False
gfs_seamless,diffuse_radiation,5,2024-01-23,2024-01-24,yes,False
gfs_seamless,diffuse_radiation,6,2024-01-24,2024-01-25,yes,False
gfs_seamless,diffuse_radiation,7,2024-01-25,2024-01-26,yes,False
gfs_seamless,cloud_cover,1,2024-01-19,2024-01-20,yes,False
gfs_seamless,cloud_cover,2,2024-01-20,2024-01-21,yes,False
gfs_seamless,cloud_cover,3,2024-01-21,2024-01-22,yes,False
gfs_seamless,cloud_cover,4,2024-01-22,2024-01-23,yes,False
gfs_seamless,cloud_cover,5,2024-01-23,2024-01-24,yes,False
gfs_seamless,cloud_cover,6,2024-01-24,2024-01-25,yes,False
gfs_seamless,cloud_cover,7,2024-01-25,2024-01-26,yes,False
icon_seamless,temperature_2m,1,2024-01-19,2024-01-20,yes,False
icon_seamless,temperature_2m,2,2024-01-19,2024-01-21,yes,False
icon_seamless,temperature_2m,3,2024-01-19,2024-01-22,yes,False
icon_seamless,temperature_2m,4,2024-01-19,2024-01-23,yes,False
icon_seamless,temperature_2m,5,2024-01-19,2024-01-24,yes,False
icon_seamless,temperature_2m,6,2024-01-19,2024-01-25,yes,False
icon_seamless,temperature_2m,7,,,no,False
icon_seamless,precipitation,1,2024-01-19,2024-01-20,yes,False
icon_seamless,precipitation,2,2024-01-19,2024-01-21,yes,False
icon_seamless,precipitation,3,2024-01-19,2024-01-22,yes,False
icon_seamless,precipitation,4,2024-01-19,2024-01-23,yes,False
icon_seamless,precipitation,5,2024-01-19,2024-01-24,yes,False
icon_seamless,precipitation,6,2024-01-19,2024-01-25,yes,False
icon_seamless,precipitation,7,,,no,False
icon_seamless,shortwave_radiation,1,2024-01-19,2024-01-20,yes,False
icon_seamless,shortwave_radiation,2,2024-01-19,2024-01-21,yes,False
icon_seamless,shortwave_radiation,3,2024-01-19,2024-01-22,yes,False
icon_seamless,shortwave_radiation,4,2024-01-19,2024-01-23,yes,False
icon_seamless,shortwave_radiation,5,2024-01-19,2024-01-24,yes,False
icon_seamless,shortwave_radiation,6,2024-01-19,2024-01-25,yes,False
icon_seamless,shortwave_radiation,7,,,no,False
icon_seamless,direct_normal_irradiance,1,2024-01-19,2024-01-20,yes,False
icon_seamless,direct_normal_irradiance,2,2024-01-19,2024-01-21,yes,False
icon_seamless,direct_normal_irradiance,3,2024-01-19,2024-01-22,yes,False
icon_seamless,direct_normal_irradiance,4,2024-01-19,2024-01-23,yes,False
icon_seamless,direct_normal_irradiance,5,2024-01-19,2024-01-24,yes,False
icon_seamless,direct_normal_irradiance,6,2024-01-19,2024-01-25,yes,False
icon_seamless,direct_normal_irradiance,7,,,no,False
icon_seamless,diffuse_radiation,1,2024-01-19,2024-01-20,yes,False
icon_seamless,diffuse_radiation,2,2024-01-19,2024-01-21,yes,False
icon_seamless,diffuse_radiation,3,2024-01-19,2024-01-22,yes,False
icon_seamless,diffuse_radiation,4,2024-01-19,2024-01-23,yes,False
icon_seamless,diffuse_radiation,5,2024-01-19,2024-01-24,yes,False
icon_seamless,diffuse_radiation,6,2024-01-19,2024-01-25,yes,False
icon_seamless,diffuse_radiation,7,,,no,False
icon_seamless,cloud_cover,1,2024-01-19,2024-01-20,yes,False
icon_seamless,cloud_cover,2,2024-01-19,2024-01-21,yes,False
icon_seamless,cloud_cover,3,2024-01-19,2024-01-22,yes,False
icon_seamless,cloud_cover,4,2024-01-19,2024-01-23,yes,False
icon_seamless,cloud_cover,5,2024-01-19,2024-01-24,yes,False
icon_seamless,cloud_cover,6,2024-01-19,2024-01-25,yes,False
icon_seamless,cloud_cover,7,,,no,False
gem_seamless,temperature_2m,1,2024-01-19,2024-01-20,yes,False
gem_seamless,temperature_2m,2,2024-01-19,2024-01-21,yes,False
gem_seamless,temperature_2m,3,2024-01-19,2024-01-22,yes,False
gem_seamless,temperature_2m,4,2024-01-19,2024-01-23,yes,False
gem_seamless,temperature_2m,5,2024-01-19,2024-01-24,yes,False
gem_seamless,temperature_2m,6,2024-01-19,2024-01-25,yes,False
gem_seamless,temperature_2m,7,2024-01-19,2024-01-26,yes,False
gem_seamless,precipitation,1,2024-01-19,2024-01-20,yes,False
gem_seamless,precipitation,2,2024-01-19,2024-01-21,yes,False
gem_seamless,precipitation,3,2024-01-19,2024-01-22,yes,False
gem_seamless,precipitation,4,2024-01-19,2024-01-23,yes,False
gem_seamless,precipitation,5,2024-01-19,2024-01-24,yes,False
gem_seamless,precipitation,6,2024-01-19,2024-01-25,yes,False
gem_seamless,precipitation,7,2024-01-19,2024-01-26,yes,False
gem_seamless,shortwave_radiation,1,2024-01-19,2024-01-20,yes,False
gem_seamless,shortwave_radiation,2,2024-01-19,2024-01-21,yes,False
gem_seamless,shortwave_radiation,3,2024-01-19,2024-01-22,yes,False
gem_seamless,shortwave_radiation,4,2024-01-19,2024-01-23,yes,False
gem_seamless,shortwave_radiation,5,2024-01-19,2024-01-24,yes,False
gem_seamless,shortwave_radiation,6,2024-01-19,2024-01-25,yes,False
gem_seamless,shortwave_radiation,7,2024-01-19,2024-01-26,yes,False
gem_seamless,direct_normal_irradiance,1,2024-01-19,2024-01-20,yes,False
gem_seamless,direct_normal_irradiance,2,2024-01-19,2024-01-21,yes,False
gem_seamless,direct_normal_irradiance,3,2024-01-19,2024-01-22,yes,False
gem_seamless,direct_normal_irradiance,4,2024-01-19,2024-01-23,yes,False
gem_seamless,direct_normal_irradiance,5,2024-01-19,2024-01-24,yes,False
gem_seamless,direct_normal_irradiance,6,2024-01-19,2024-01-25,yes,False
gem_seamless,direct_normal_irradiance,7,2024-01-19,2024-01-26,yes,False
gem_seamless,diffuse_radiation,1,2024-01-19,2024-01-20,yes,False
gem_seamless,diffuse_radiation,2,2024-01-19,2024-01-21,yes,False
gem_seamless,diffuse_radiation,3,2024-01-19,2024-01-22,yes,False
gem_seamless,diffuse_radiation,4,2024-01-19,2024-01-23,yes,False
gem_seamless,diffuse_radiation,5,2024-01-19,2024-01-24,yes,False
gem_seamless,diffuse_radiation,6,2024-01-19,2024-01-25,yes,False
gem_seamless,diffuse_radiation,7,2024-01-19,2024-01-26,yes,False
gem_seamless,cloud_cover,1,2024-01-19,2024-01-20,yes,False
gem_seamless,cloud_cover,2,2024-01-19,2024-01-21,yes,False
gem_seamless,cloud_cover,3,2024-01-19,2024-01-22,yes,False
gem_seamless,cloud_cover,4,2024-01-19,2024-01-23,yes,False
gem_seamless,cloud_cover,5,2024-01-19,2024-01-24,yes,False
gem_seamless,cloud_cover,6,2024-01-19,2024-01-25,yes,False
gem_seamless,cloud_cover,7,2024-01-19,2024-01-26,yes,False
meteofrance_seamless,temperature_2m,1,2024-01-19,2024-01-20,yes,False
meteofrance_seamless,temperature_2m,2,2024-01-19,2024-01-21,yes,False
meteofrance_seamless,temperature_2m,3,2024-01-19,2024-01-22,yes,False
meteofrance_seamless,temperature_2m,4,,,no,False
meteofrance_seamless,temperature_2m,5,,,no,False
meteofrance_seamless,temperature_2m,6,,,no,False
meteofrance_seamless,temperature_2m,7,,,no,False
meteofrance_seamless,precipitation,1,2024-01-19,2024-01-20,yes,False
meteofrance_seamless,precipitation,2,2024-01-19,2024-01-21,yes,False
meteofrance_seamless,precipitation,3,2024-01-19,2024-01-22,yes,False
meteofrance_seamless,precipitation,4,,,no,False
meteofrance_seamless,precipitation,5,,,no,False
meteofrance_seamless,precipitation,6,,,no,False
meteofrance_seamless,precipitation,7,,,no,False
meteofrance_seamless,shortwave_radiation,1,2024-01-19,2024-01-20,yes,False
meteofrance_seamless,shortwave_radiation,2,2024-01-19,2024-01-21,yes,False
meteofrance_seamless,shortwave_radiation,3,2024-01-19,2024-01-22,yes,False
meteofrance_seamless,shortwave_radiation,4,,,no,False
meteofrance_seamless,shortwave_radiation,5,,,no,False
meteofrance_seamless,shortwave_radiation,6,,,no,False
meteofrance_seamless,shortwave_radiation,7,,,no,False
meteofrance_seamless,direct_normal_irradiance,1,2024-01-19,2024-01-20,yes,False
meteofrance_seamless,direct_normal_irradiance,2,2024-01-19,2024-01-21,yes,False
meteofrance_seamless,direct_normal_irradiance,3,2024-01-19,2024-01-22,yes,False
meteofrance_seamless,direct_normal_irradiance,4,,,no,False
meteofrance_seamless,direct_normal_irradiance,5,,,no,False
meteofrance_seamless,direct_normal_irradiance,6,,,no,False
meteofrance_seamless,direct_normal_irradiance,7,,,no,False
meteofrance_seamless,diffuse_radiation,1,2024-01-19,2024-01-20,yes,False
meteofrance_seamless,diffuse_radiation,2,2024-01-19,2024-01-21,yes,False
meteofrance_seamless,diffuse_radiation,3,2024-01-19,2024-01-22,yes,False
meteofrance_seamless,diffuse_radiation,4,,,no,False
meteofrance_seamless,diffuse_radiation,5,,,no,False
meteofrance_seamless,diffuse_radiation,6,,,no,False
meteofrance_seamless,diffuse_radiation,7,,,no,False
meteofrance_seamless,cloud_cover,1,2024-01-19,2024-01-20,yes,False
meteofrance_seamless,cloud_cover,2,2024-01-19,2024-01-21,yes,False
meteofrance_seamless,cloud_cover,3,2024-01-19,2024-01-22,yes,False
meteofrance_seamless,cloud_cover,4,,,no,False
meteofrance_seamless,cloud_cover,5,,,no,False
meteofrance_seamless,cloud_cover,6,,,no,False
meteofrance_seamless,cloud_cover,7,,,no,False
jma_seamless,temperature_2m,1,2021-01-01,2023-12-02,yes,False
jma_seamless,temperature_2m,2,2021-01-01,2023-12-02,yes,False
jma_seamless,temperature_2m,3,2021-01-01,2023-12-02,yes,False
jma_seamless,temperature_2m,4,2021-01-01,2023-12-02,yes,False
jma_seamless,temperature_2m,5,2021-01-01,2023-12-02,yes,False
jma_seamless,temperature_2m,6,2021-01-01,2023-12-02,yes,False
jma_seamless,temperature_2m,7,2021-01-01,2023-12-02,yes,False
jma_seamless,precipitation,1,2021-01-01,2023-12-02,yes,False
jma_seamless,precipitation,2,2021-01-01,2023-12-02,yes,False
jma_seamless,precipitation,3,2021-01-01,2023-12-02,yes,False
jma_seamless,precipitation,4,2021-01-01,2023-12-02,yes,False
jma_seamless,precipitation,5,2021-01-01,2023-12-02,yes,False
jma_seamless,precipitation,6,2021-01-01,2023-12-02,yes,False
jma_seamless,precipitation,7,2021-01-01,2023-12-02,yes,False
jma_seamless,shortwave_radiation,1,,,no,False
jma_seamless,shortwave_radiation,2,,,no,False
jma_seamless,shortwave_radiation,3,,,no,False
jma_seamless,shortwave_radiation,4,,,no,False
jma_seamless,shortwave_radiation,5,,,no,False
jma_seamless,shortwave_radiation,6,,,no,False
jma_seamless,shortwave_radiation,7,,,no,False
jma_seamless,direct_normal_irradiance,1,,,no,False
jma_seamless,direct_normal_irradiance,2,,,no,False
jma_seamless,direct_normal_irradiance,3,,,no,False
jma_seamless,direct_normal_irradiance,4,,,no,False
jma_seamless,direct_normal_irradiance,5,,,no,False
jma_seamless,direct_normal_irradiance,6,,,no,False
jma_seamless,direct_normal_irradiance,7,,,no,False
jma_seamless,diffuse_radiation,1,,,no,False
jma_seamless,diffuse_radiation,2,,,no,False
jma_seamless,diffuse_radiation,3,,,no,False
jma_seamless,diffuse_radiation,4,,,no,False
jma_seamless,diffuse_radiation,5,,,no,False
jma_seamless,diffuse_radiation,6,,,no,False
jma_seamless,diffuse_radiation,7,,,no,False
jma_seamless,cloud_cover,1,2021-01-01,2023-12-02,yes,False
jma_seamless,cloud_cover,2,2021-01-01,2023-12-02,yes,False
jma_seamless,cloud_cover,3,2021-01-01,2023-12-02,yes,False
jma_seamless,cloud_cover,4,2021-01-01,2023-12-02,yes,False
jma_seamless,cloud_cover,5,2021-01-01,2023-12-02,yes,False
jma_seamless,cloud_cover,6,2021-01-01,2023-12-02,yes,False
jma_seamless,cloud_cover,7,2021-01-01,2023-12-02,yes,False
