variable,lead_day,n_models,models,common_archive_start,frozen_obs_start,effective_start,effective_end,binding_constraint
temperature_2m,1,6,ecmwf_ifs025;gem_seamless;gfs_seamless;icon_seamless;jma_seamless;meteofrance_seamless,2024-02-04,2024-01-01,2024-02-04,2026-09-30,forecast archive availability
temperature_2m,2,6,ecmwf_ifs025;gem_seamless;gfs_seamless;icon_seamless;jma_seamless;meteofrance_seamless,2024-02-04,2024-01-01,2024-02-04,2026-09-30,forecast archive availability
temperature_2m,3,6,ecmwf_ifs025;gem_seamless;gfs_seamless;icon_seamless;jma_seamless;meteofrance_seamless,2024-02-04,2024-01-01,2024-02-04,2026-09-30,forecast archive availability
temperature_2m,4,5,ecmwf_ifs025;gem_seamless;gfs_seamless;icon_seamless;jma_seamless,2024-02-04,2024-01-01,2024-02-04,2026-09-30,forecast archive availability
temperature_2m,5,5,ecmwf_ifs025;gem_seamless;gfs_seamless;icon_seamless;jma_seamless,2024-02-04,2024-01-01,2024-02-04,2026-09-30,forecast archive availability
temperature_2m,6,5,ecmwf_ifs025;gem_seamless;gfs_seamless;icon_seamless;jma_seamless,2024-02-04,2024-01-01,2024-02-04,2026-09-30,forecast archive availability
temperature_2m,7,4,ecmwf_ifs025;gem_seamless;gfs_seamless;jma_seamless,2024-02-04,2024-01-01,2024-02-04,2026-09-30,forecast archive availability
precipitation,1,6,ecmwf_ifs025;gem_seamless;gfs_seamless;icon_seamless;jma_seamless;meteofrance_seamless,2024-02-04,2024-01-01,2024-02-04,2026-09-30,forecast archive availability
precipitation,2,6,ecmwf_ifs025;gem_seamless;gfs_seamless;icon_seamless;jma_seamless;meteofrance_seamless,2024-02-04,2024-01-01,2024-02-04,2026-09-30,forecast archive availability
precipitation,3,6,ecmwf_ifs025;gem_seamless;gfs_seamless;icon_seamless;jma_seamless;meteofrance_seamless,2024-02-04,2024-01-01,2024-02-04,2026-09-30,forecast archive availability
precipitation,4,5,ecmwf_ifs025;gem_seamless;gfs_seamless;icon_seamless;jma_seamless,2024-02-04,2024-01-01,2024-02-04,2026-09-30,forecast archive availability
precipitation,5,5,ecmwf_ifs025;gem_seamless;gfs_seamless;icon_seamless;jma_seamless,2024-02-04,2024-01-01,2024-02-04,2026-09-30,forecast archive availability
precipitation,6,5,ecmwf_ifs025;gem_seamless;gfs_seamless;icon_seamless;jma_seamless,2024-02-04,2024-01-01,2024-02-04,2026-09-30,forecast archive availability
precipitation,7,4,ecmwf_ifs025;gem_seamless;gfs_seamless;jma_seamless,2024-02-04,2024-01-01,2024-02-04,2026-09-30,forecast archive availability
shortwave_radiation,1,5,ecmwf_ifs025;gem_seamless;gfs_seamless;icon_seamless;meteofrance_seamless,2024-03-06,2024-01-01,2024-03-06,2026-09-30,forecast archive availability
shortwave_radiation,2,5,ecmwf_ifs025;gem_seamless;gfs_seamless;icon_seamless;meteofrance_seamless,2024-03-07,2024-01-01,2024-03-07,2026-09-30,forecast archive availability
shortwave_radiation,3,5,ecmwf_ifs025;gem_seamless;gfs_seamless;icon_seamless;meteofrance_seamless,2024-03-08,2024-01-01,2024-03-08,2026-09-30,forecast archive availability
shortwave_radiation,4,4,ecmwf_ifs025;gem_seamless;gfs_seamless;icon_seamless,2024-03-09,2024-01-01,2024-03-09,2026-09-30,forecast archive availability
shortwave_radiation,5,4,ecmwf_ifs025;gem_seamless;gfs_seamless;icon_seamless,2024-03-10,2024-01-01,2024-03-10,2026-09-30,forecast archive availability
shortwave_radiation,6,4,ecmwf_ifs025;gem_seamless;gfs_seamless;icon_seamless,2024-03-11,2024-01-01,2024-03-11,2026-09-30,forecast archive availability
shortwave_radiation,7,3,ecmwf_ifs025;gem_seamless;gfs_seamless,2024-03-12,2024-01-01,2024-03-12,2026-09-30,forecast archive availability
direct_normal_irradiance,1,5,ecmwf_ifs025;gem_seamless;gfs_seamless;icon_seamless;meteofrance_seamless,2024-03-06,2024-01-01,2024-03-06,2026-09-30,forecast archive availability
direct_normal_irradiance,2,5,ecmwf_ifs025;gem_seamless;gfs_seamless;icon_seamless;meteofrance_seamless,2024-03-07,2024-01-01,2024-03-07,2026-09-30,forecast archive availability
direct_normal_irradiance,3,5,ecmwf_ifs025;gem_seamless;gfs_seamless;icon_seamless;meteofrance_seamless,2024-03-08,2024-01-01,2024-03-08,2026-09-30,forecast archive availability
direct_normal_irradiance,4,4,ecmwf_ifs025;gem_seamless;gfs_seamless;icon_seamless,2024-03-09,2024-01-01,2024-03-09,2026-09-30,forecast archive availability
direct_normal_irradiance,5,4,ecmwf_ifs025;gem_seamless;gfs_seamless;icon_seamless,2024-03-10,2024-01-01,2024-03-10,2026-09-30,forecast archive availability
direct_normal_irradiance,6,4,ecmwf_ifs025;gem_seamless;gfs_seamless;icon_seamless,2024-03-11,2024-01-01,2024-03-11,2026-09-30,forecast archive availability
direct_normal_irradiance,7,3,ecmwf_ifs025;gem_seamless;gfs_seamless,2024-03-12,2024-01-01,2024-03-12,2026-09-30,forecast archive availability
diffuse_radiation,1,5,ecmwf_ifs025;gem_seamless;gfs_seamless;icon_seamless;meteofrance_seamless,2024-03-06,2024-01-01,2024-03-06,2026-09-30,forecast archive availability
diffuse_radiation,2,5,ecmwf_ifs025;gem_seamless;gfs_seamless;icon_seamless;meteofrance_seamless,2024-03-07,2024-01-01,2024-03-07,2026-09-30,forecast archive availability
diffuse_radiation,3,5,ecmwf_ifs025;gem_seamless;gfs_seamless;icon_seamless;meteofrance_seamless,2024-03-08,2024-01-01,2024-03-08,2026-09-30,forecast archive availability
diffuse_radiation,4,4,ecmwf_ifs025;gem_seamless;gfs_seamless;icon_seamless,2024-03-09,2024-01-01,2024-03-09,2026-09-30,forecast archive availability
diffuse_radiation,5,4,ecmwf_ifs025;gem_seamless;gfs_seamless;icon_seamless,2024-03-10,2024-01-01,2024-03-10,2026-09-30,forecast archive availability
diffuse_radiation,6,4,ecmwf_ifs025;gem_seamless;gfs_seamless;icon_seamless,2024-03-11,2024-01-01,2024-03-11,2026-09-30,forecast archive availability
diffuse_radiation,7,3,ecmwf_ifs025;gem_seamless;gfs_seamless,2024-03-12,2024-01-01,2024-03-12,2026-09-30,forecast archive availability
cloud_cover,1,6,ecmwf_ifs025;gem_seamless;gfs_seamless;icon_seamless;jma_seamless;meteofrance_seamless,2024-02-04,2024-01-01,2024-02-04,2026-09-30,forecast archive availability
cloud_cover,2,6,ecmwf_ifs025;gem_seamless;gfs_seamless;icon_seamless;jma_seamless;meteofrance_seamless,2024-02-04,2024-01-01,2024-02-04,2026-09-30,forecast archive availability
cloud_cover,3,6,ecmwf_ifs025;gem_seamless;gfs_seamless;icon_seamless;jma_seamless;meteofrance_seamless,2024-02-04,2024-01-01,2024-02-04,2026-09-30,forecast archive availability
cloud_cover,4,5,ecmwf_ifs025;gem_seamless;gfs_seamless;icon_seamless;jma_seamless,2024-02-04,2024-01-01,2024-02-04,2026-09-30,forecast archive availability
cloud_cover,5,5,ecmwf_ifs025;gem_seamless;gfs_seamless;icon_seamless;jma_seamless,2024-02-04,2024-01-01,2024-02-04,2026-09-30,forecast archive availability
cloud_cover,6,5,ecmwf_ifs025;gem_seamless;gfs_seamless;icon_seamless;jma_seamless,2024-02-04,2024-01-01,2024-02-04,2026-09-30,forecast archive availability
cloud_cover,7,4,ecmwf_ifs025;gem_seamless;gfs_seamless;jma_seamless,2024-02-04,2024-01-01,2024-02-04,2026-09-30,forecast archive availability
